config,threads,repeat,warmup,events,throughput,cpu_per_thread
cxx,1,1,1000,10000,88.1598,99.6
cxx,2,1,1000,10000,171.325,99.7
cxx,3,1,1000,10000,252.777,99.7
cxx,4,1,1000,10000,330.86,99.7
cxx,6,1,1000,10000,478.411,99.7
cxx,8,1,1000,10000,621.78,99.7
cxx,12,1,1000,10000,947.465,99.5
cxx,16,1,1000,10000,1215.63,99.5
cxx,20,1,1000,10000,1472.88,95.5
cxx,24,1,1000,12000,1743.02,99.5
cxx,28,1,1000,14000,2064.15,99.5
cxx,32,1,1000,16000,2344,99.5
cxx,40,1,1000,20000,2897.4,99.5
cxx,48,1,1000,24000,3344.68,99.4
cxx,56,1,1000,28000,3774.24,99.4
cxx,64,1,1000,32000,4093.86,99.3
cxx,80,1,1000,40000,4797.42,99.1
cxx,95,1,1000,47500,5447.75,98.3
cxx,111,1,1110,55500,6572.76,98.1
cxx,127,1,1270,63500,7549.7,97.6
cxx,143,1,1430,71500,8463.65,96.8
cxx,159,1,1590,79500,9165.49,96.5
cxx,175,1,1750,87500,9871.68,96.4
cxx,190,1,1900,95000,10526.7,96.5
python,1,1,1000,10000,46.0335,99.6
python,2,1,1000,10000,88.1185,99.6
python,3,1,1000,10000,128.908,99.7
python,4,1,1000,10000,167.754,99.6
python,6,1,1000,10000,242.301,99.6
python,8,1,1000,10000,305.26,99.5
python,12,1,1000,10000,467.349,99.4
python,16,1,1000,10000,593.551,99.4
python,20,1,1000,10000,727.847,99.4
python,24,1,1000,12000,833.024,99.4
python,28,1,1000,14000,990.435,99.4
python,32,1,1000,16000,1102.63,99.3
python,40,1,1000,20000,1373.76,99.3
python,48,1,1000,24000,1572.94,99.3
python,56,1,1000,28000,1778.97,99.3
python,64,1,1000,32000,1923.36,99.3
python,80,1,1000,40000,2255.89,99.2
python,95,1,1000,47500,2472.07,99.0
python,111,1,1110,55500,2880.59,98.9
python,127,1,1270,63500,3185.49,95.8
python,143,1,1430,71500,3317.36,93.8
python,159,1,1590,79500,3518.97,94.2
python,175,1,1750,87500,3490.05,90.0
python,190,1,1900,95000,3417.57,84.8
